[
     {
        
        "titulo": "Metro CU",
        "subtitulo": "Terminal Linea B",
        "latitud": 19.324420,
        "longitud": -99.173944
        
    },
     {
        
        "titulo": "Metro Copilco",
        "subtitulo": "Penultima Estacion",
        "latitud": 19.336170,
        "longitud": -99.177076
        
    },
     {
        
        "titulo": "Anexo de Ingenieria",
        "subtitulo": "Division de Ciencias Basicas",
        "latitud": 19.325890,
        "longitud": -99.182352
        
    },
     {
        
        "titulo": "Conjunto Norte FI",
        "subtitulo": "Edificio Principal",
        "latitud": 19.331695,
        "longitud": -99.184727
        
    },
     {
        
        "titulo": "Comedor de Ciencias",
        "subtitulo": "Delicioso y barato",
        "latitud": 19.324677,
        "longitud": -99.179412
        
    },
     {
        
        "titulo": "Metrobus CU",
        "subtitulo": "Av. Insurgentes Sur",
        "latitud": 19.322790,
        "longitud": -99.188466
        
    },
     {
        
        "titulo": "CCU",
        "subtitulo": "Disfruta la cultura",
        "latitud": 19.314125,
        "longitud": -99.185210
        
    },
     {
        
        "titulo": "Estadio Olimpico Universitario",
        "subtitulo": "Casa de los Pumas",
        "latitud": 19.332004,
        "longitud": -99.192198
        
    },
     {
        
        "titulo": "Alberca Olimpica Universitaria",
        "subtitulo": "Gimnasio y Alberca",
        "latitud": 19.330402,
        "longitud": -99.185043
        
    },
     {
        
        "titulo": "Fac. de Medicina",
        "subtitulo": "Batas por todas partes",
        "latitud": 19.333147,
        "longitud": -99.180259
        
    },
     {
        
        "titulo": "Universum",
        "subtitulo": "Museo de las Ciencias",
        "latitud": 19.311674,
        "longitud": -99.180569
        
    },
   {
       
       "titulo": "Tienda UNAM",
       "subtitulo": "A tu servicio",
        "latitud": 19.321122,
        "longitud": -99.175535
        
    },
     {
        
        "titulo": "Nike Store Pumas",
        "subtitulo": "GOYA",
        "latitud": 19.333267,
        "longitud": -99.195225
        
    },
     {
        
        "titulo": "Fac. de Psicologia",
        "subtitulo": "Salud Mental",
        "latitud": 19.335001,
        "longitud": -99.188885
        
    },
     {
        
        "titulo": "Torre de Rectoria",
        "subtitulo": "Condenamos Energicamente",
        "latitud": 19.332219,
        "longitud": -99.188237
    },
    {
        "titulo": "Biblioteca Central",
        "subtitulo": "Biblioteca Academica",
        "latitud": 19.333508,
        "longitud": -99.187355
        
    },
     {
        
        "titulo": "MUCA",
        "subtitulo": "Ciencias y Arte",
        "latitud": 19.331238,
        "longitud": -99.187719
        
    },
    {
        
        "titulo": "MUAC",
        "subtitulo": "Arte Contemporaneo",
        "latitud": 19.315246,
        "longitud": -99.185442
        
    },
     {
        
        "titulo":"Espacio Escultorico",
        "subtitulo": "Arte en la UNAM",
        "latitud": 19.318884,
        "longitud": -99.182567
        
    },
     {
        
        "titulo": "Cafe 76",
        "subtitulo": "Ya es viernes",
        "latitud": 19.331311,
        "longitud": -99.177550
        
    },
]
